tutor_id,name,subject,hire_date
T079,Noah Johnson,Science,2025-09-16
T091,Ava Torres,Math,2025-10-05
T192,Lucas Taylor,Science,2025-02-13
T044,Liam Williams,Science,2025-07-23
T053,Caleb Hall,History,2025-06-06
T015,Ethan Robinson,Math,2024-12-04
T064,Henry Adams,English,2024-10-24
T157,Luna Martinez,Math,2025-02-08
T074,Ava Martinez,History,2025-02-24
T197,Isabella Torres,Language Arts,2025-03-10
T191,Caleb Green,Computer Science,2024-12-07
T067,Chloe Taylor,Math,2025-06-28
T138,Luna Martinez,Math,2024-10-16
T176,Julian Scott,Computer Science,2025-05-03
T153,Layla Garcia,Science,2025-05-22
T052,Isabella Lewis,Math,2024-12-11
T170,Ethan Walker,Computer Science,2025-05-12
T059,Penelope Young,English,2025-02-02
T086,Elijah Adams,History,2024-10-20
T048,Noah Green,History,2025-03-21
T022,Benjamin Hill,Math,2025-09-22
T131,Caleb Anderson,Science,2025-04-09
T063,Sophia Harris,English,2025-02-20
T060,Ava Taylor,Language Arts,2025-09-20
T158,Zoey Wright,Math,2025-02-06
T149,Penelope Brown,Math,2025-09-25
T003,Ava Walker,History,2025-04-07
T047,Luna Nguyen,English,2025-08-15
T174,Caleb Lewis,English,2025-05-29
T036,Evelyn Scott,Language Arts,2025-09-16
T182,Liam Brown,Science,2024-11-21
T082,Elijah Wright,Science,2025-08-08
T180,Liam Martin,English,2024-12-13
T073,Chloe Robinson,Science,2025-02-09
T135,Penelope White,Science,2024-10-19
T173,Logan White,Language Arts,2025-03-13
T006,Sophia Thompson,English,2025-09-20
T103,Scarlett Young,English,2025-01-30
T017,Elijah Nelson,English,2025-08-27
T108,Olivia Hill,English,2025-07-22
T069,Caleb Johnson,English,2024-12-10
T051,Alexander Torres,English,2025-05-14
T130,Ethan Thompson,Math,2024-11-29
T040,Caleb Nguyen,History,2025-08-23
T188,Mason Martinez,Math,2025-09-06
T139,Liam Rodriguez,English,2025-02-21
T018,Avery Torres,Math,2024-11-22
T007,Benjamin Lewis,Computer Science,2025-07-21
T112,Caleb Anderson,English,2025-04-28
T012,Scarlett Thomas,Science,2024-12-04
T118,Mia Hall,English,2024-10-25
T185,Ethan Adams,Math,2024-12-17
T167,Scarlett Brown,Test Prep,2025-03-16
T145,Noah Thompson,Math,2025-04-27
T032,Penelope Garcia,Math,2025-05-12
T163,Zoey Scott,English,2025-05-16
T126,Ava Thomas,Computer Science,2025-10-08
T056,Logan Allen,History,2025-02-05
T062,Chloe Johnson,Science,2025-01-27
T142,Lucas Hall,Science,2025-01-21
T195,Lucas Garcia,Language Arts,2024-12-07
T111,Luna Hill,Test Prep,2025-08-31
T020,Ava Thompson,Language Arts,2025-03-14
T189,Liam King,Language Arts,2025-05-23
T123,Layla King,English,2025-08-12
T010,Ethan White,Math,2024-11-29
T077,Isabella Thompson,Math,2025-01-21
T101,Liam Harris,History,2025-08-21
T071,Scarlett Jackson,Science,2025-02-17
T041,Harper Martinez,Test Prep,2024-11-23
T127,Isabella Taylor,English,2025-07-16
T172,Emma Martinez,Math,2025-07-16
T198,Julian Hall,Language Arts,2025-02-28
T164,Avery Garcia,English,2025-01-07
T005,Evelyn Young,Science,2024-12-04
T122,Scarlett Garcia,English,2025-03-25
T150,Victoria Nguyen,English,2024-11-28
T092,Layla Walker,Science,2025-07-08
T106,Chloe Thomas,History,2025-05-18
T089,Amelia Harris,English,2024-12-25
T160,Lucas Harris,English,2025-02-21
T168,Zoey Harris,History,2025-10-06
T068,Mia Wright,Science,2025-02-17
T084,Zoey Allen,Language Arts,2024-11-06
T141,Logan Young,Test Prep,2025-06-19
T042,Evelyn King,Test Prep,2025-10-04
T114,Penelope Harris,Science,2025-09-13
T050,Evelyn Anderson,Science,2025-02-04
T119,Benjamin Scott,Computer Science,2025-07-11
T035,Mia Clark,Science,2025-05-27
T190,Mason Clark,Math,2024-12-07
T049,Penelope Adams,Science,2025-03-02
T054,Avery Harris,History,2025-07-03
T066,Ava Brown,Computer Science,2024-12-01
T133,Henry Williams,Test Prep,2024-11-12
T072,Amelia Thompson,Test Prep,2024-10-24
T117,Luna Jackson,Math,2025-03-18
T094,Avery Hall,Language Arts,2025-01-23
T132,Ava Nelson,History,2024-11-24
T184,Mia Thompson,Science,2025-05-13
T099,Isabella Robinson,Math,2025-02-06
T121,Ava White,Language Arts,2024-12-31
T187,Liam Thompson,Language Arts,2025-01-10
T002,Julian Johnson,English,2025-08-27
T081,Penelope Robinson,Science,2025-02-02
T129,Elijah King,Math,2025-07-10
T046,Noah Nguyen,English,2025-07-19
T004,Avery Robinson,Science,2025-05-06
T021,Isabella Robinson,Math,2025-07-07
T045,Alexander Harris,Computer Science,2025-08-23
T039,Mason Adams,English,2024-12-22
T177,Henry Rodriguez,History,2025-06-25
T033,Logan Anderson,English,2025-07-06
T171,Henry Johnson,English,2024-11-18
T100,Victoria King,Computer Science,2025-05-02
T137,Victoria Walker,English,2025-10-04
T175,Lucas Nguyen,Science,2024-12-08
T134,Mason Johnson,English,2025-02-10
T028,Henry Taylor,Test Prep,2025-02-15
T151,Chloe Scott,Computer Science,2025-03-27
T013,Logan Wright,History,2025-09-10
T162,Layla Robinson,Math,2025-03-12
T152,Penelope Williams,Math,2025-08-20
T200,Benjamin Nguyen,Science,2025-02-20
T029,Noah Thompson,Science,2025-01-10
T124,Sophia Lewis,History,2025-04-17
T125,Mia Brown,English,2025-01-06
T136,Ava Thompson,English,2024-11-26
T061,Isabella Hill,Computer Science,2025-03-22
T109,Evelyn Clark,History,2024-10-18
T034,Harper Jackson,Science,2025-02-06
T030,Isabella Williams,History,2024-10-11
T011,Emma Young,English,2024-10-16
T155,Emma Green,History,2025-05-15
T078,Ethan Harris,English,2025-05-23
T196,Penelope Taylor,Science,2025-03-29
T143,Noah Allen,English,2024-11-05
T165,Harper Brown,History,2025-07-09
T026,Caleb Harris,Computer Science,2025-08-25
T083,Noah Robinson,Test Prep,2025-08-05
T179,Avery Green,Science,2025-05-28
T159,Scarlett Nguyen,Computer Science,2025-08-03
T076,Ava Walker,English,2025-10-02
T181,Isabella Walker,Math,2025-01-11
T107,Emma Harris,English,2025-05-03
T016,Noah Adams,History,2025-01-09
T023,Amelia Lewis,English,2025-08-25
T113,Henry Hall,Computer Science,2025-03-02
T065,Luna Johnson,English,2025-07-30
T156,Olivia Martin,Math,2025-10-04
T097,Scarlett Martinez,Math,2025-02-07
T102,Sophia Adams,Language Arts,2025-04-04
T075,Caleb Lewis,Science,2025-03-30
T001,Alexander White,English,2025-09-24
T019,Scarlett Johnson,Science,2025-07-01
T154,Caleb Lewis,Math,2025-07-25
T055,Victoria Torres,Computer Science,2024-11-30
T058,Evelyn Scott,English,2025-09-17
T088,Emma Hall,Test Prep,2025-10-06
T025,Sophia Wright,Science,2025-07-02
T105,Mia Thompson,Math,2024-10-16
T146,Liam Williams,English,2025-03-12
T193,Ethan Martin,History,2025-05-03
T144,Caleb Hill,Science,2025-05-23
T037,Harper Nguyen,Science,2025-02-07
T161,Evelyn Hill,History,2024-11-13
T148,Zoey Wright,Computer Science,2025-08-01
T093,Benjamin Clark,English,2025-03-13
T120,Elijah Wright,History,2025-08-04
T115,Mason Scott,Science,2025-09-19
T110,Julian Young,English,2025-02-14
T096,Sophia Torres,Math,2024-12-02
T140,Scarlett Martinez,History,2025-05-31
T057,Ethan Martinez,Computer Science,2025-05-23
T098,Mason Nelson,Computer Science,2025-02-01
T199,Luna Williams,Test Prep,2025-07-24
T178,Harper Martin,Science,2025-04-19
T194,Emma Thomas,Language Arts,2025-01-01
T087,Scarlett Wright,Computer Science,2024-10-22
T186,Emma Torres,Computer Science,2024-11-11
T147,Liam Nelson,Math,2025-04-02
T043,Layla Walker,Test Prep,2025-01-04
T031,Chloe Robinson,History,2025-05-09
T070,Chloe Green,Computer Science,2025-02-17
T085,Harper Garcia,Science,2025-07-26
T183,Henry Martinez,English,2025-09-25
T128,Henry Adams,History,2025-02-13
T038,Victoria Torres,English,2025-05-27
T169,Logan Rodriguez,Math,2025-09-14
T014,Benjamin Garcia,Math,2025-10-07
T116,Zoey Martin,Computer Science,2025-03-24
T104,Evelyn Hill,English,2025-02-09
T095,Luna Thomas,History,2025-09-24
T009,Sophia Robinson,Language Arts,2025-04-23
T090,Ethan Torres,Science,2025-04-16
T080,Julian Adams,Math,2025-02-05
T008,Zoey Nelson,Math,2024-11-07
T166,Avery Anderson,Math,2025-02-26
T027,Julian Hill,Test Prep,2025-06-14
T024,Noah Green,Science,2025-07-26
